[{"error":"ReferenceError: no is not defined"},{"error":"ReferenceError: no is not defined"},{"error":"ReferenceError: no is not defined"},{"error":"ReferenceError: no is not defined"},{"error":"ReferenceError: virtex is not defined"},{"error":"TypeError: setting.ownerNumber.split is not a function"},{"error":"ReferenceError: i is not defined"},{"error":"TypeError: setting.ownerNumber.split is not a function"},{"error":"TypeError: setting.ownerNumber.split is not a function"},{"error":"TypeError: setting.ownerNumber.split is not a function"},{"error":"Error: Connection Closed"},{"error":"Error: Connection Closed"},{"error":"Error: Connection Closed"},{"error":"Error: Connection Closed"},{"error":"Error: Connection Closed"},{"error":"Error: rate-overlimit"},{"error":"Error: rate-overlimit"},{"error":"Error: rate-overlimit"},{"error":"Error: rate-overlimit"},{"error":"Error: rate-overlimit"},{"error":"Error: rate-overlimit"},{"error":"Error: rate-overlimit"},{"error":"Error: rate-overlimit"},{"error":"Error: rate-overlimit"},{"error":"Error: rate-overlimit"},{"error":"Error: rate-overlimit"},{"error":"Error: rate-overlimit"},{"error":"Error: rate-overlimit"},{"error":"Error: rate-overlimit"},{"error":"Error: rate-overlimit"},{"error":"Error: rate-overlimit"},{"error":"Error: rate-overlimit"},{"error":"Error: rate-overlimit"},{"error":"Error: rate-overlimit"},{"error":"Error: rate-overlimit"},{"error":"Error: rate-overlimit"},{"error":"Error: rate-overlimit"},{"error":"Error: rate-overlimit"},{"error":"Error: rate-overlimit"},{"error":"Error: rate-overlimit"},{"error":"Error: rate-overlimit"},{"error":"Error: rate-overlimit"},{"error":"Error: rate-overlimit"},{"error":"Error: rate-overlimit"},{"error":"Error: rate-overlimit"},{"error":"Error: rate-overlimit"},{"error":"Error: rate-overlimit"},{"error":"Error: rate-overlimit"},{"error":"Error: rate-overlimit"},{"error":"Error: rate-overlimit"},{"error":"Error: rate-overlimit"},{"error":"Error: rate-overlimit"},{"error":"Error: rate-overlimit"},{"error":"Error: rate-overlimit"},{"error":"Error: rate-overlimit"},{"error":"Error: rate-overlimit"},{"error":"Error: rate-overlimit"},{"error":"Error: rate-overlimit"},{"error":"Error: rate-overlimit"},{"error":"Error: rate-overlimit"},{"error":"Error: rate-overlimit"},{"error":"Error: rate-overlimit"},{"error":"Error: rate-overlimit"},{"error":"Error: rate-overlimit"},{"error":"Error: rate-overlimit"},{"error":"Error: rate-overlimit"},{"error":"Error: rate-overlimit"},{"error":"Error: rate-overlimit"},{"error":"Error: rate-overlimit"},{"error":"Error: rate-overlimit"},{"error":"Error: rate-overlimit"},{"error":"Error: rate-overlimit"},{"error":"Error: rate-overlimit"},{"error":"Error: rate-overlimit"},{"error":"Error: rate-overlimit"},{"error":"Error: rate-overlimit"},{"error":"Error: rate-overlimit"},{"error":"Error: rate-overlimit"},{"error":"Error: rate-overlimit"},{"error":"Error: rate-overlimit"},{"error":"Error: rate-overlimit"},{"error":"Error: rate-overlimit"},{"error":"Error: rate-overlimit"},{"error":"Error: rate-overlimit"},{"error":"Error: rate-overlimit"},{"error":"Error: rate-overlimit"},{"error":"Error: rate-overlimit"},{"error":"Error: rate-overlimit"},{"error":"Error: rate-overlimit"},{"error":"Error: rate-overlimit"},{"error":"Error: rate-overlimit"},{"error":"Error: rate-overlimit"},{"error":"Error: rate-overlimit"},{"error":"Error: forbidden"},{"error":"Error: Connection Closed"},{"error":"Error: Connection Closed"}]